001,Draught of Living Death,DEATHHHH,150,draughtOfLivingDeath.jpg
002,Elixir of Life,Life is life!,150,elixirOfLife.jpg
003,Babbling Beverage,Babbling Beverage is a potion that causes the drinker to babble nonsense,150,babblingBeverage.jpg
004,Aging Potion,4-ever young,150,agingPotion.jpg
005,Draught of Living Death,DEATHHHH,150,draughtOfLivingDeath.jpg
006,Elixir of Life,Life is life!,150,elixirOfLife.jpg
007,Babbling Beverage,Babbling Beverage is a potion that causes the drinker to babble nonsense,150,babblingBeverage.jpg
008,Aging Potion,4-ever young,150,agingPotion.jpg
009,Draught of Living Death,DEATHHHH,150,draughtOfLivingDeath.jpg
010,Elixir of Life,Life is life!,150,elixirOfLife.jpg
011,Babbling Beverage,Babbling Beverage is a potion that causes the drinker to babble nonsense,150,babblingBeverage.jpg
012,Aging Potion,4-ever young,150,agingPotion.jpg
006,Elixir of Life,Life is life!,150,elixirOfLife.jpg
007,Babbling Beverage,Babbling Beverage is a potion that causes the drinker to babble nonsense,150,babblingBeverage.jpg
008,Aging Potion,4-ever young,150,agingPotion.jpg
009,Draught of Living Death,DEATHHHH,150,draughtOfLivingDeath.jpg
010,Elixir of Life,Life is life!,150,elixirOfLife.jpg
011,Babbling Beverage,Babbling Beverage is a potion that causes the drinker to babble nonsense,150,babblingBeverage.jpg
012,Aging Potion,4-ever young,150,agingPotion.jpg